{"cameraMode":{"drawMode":0,"name":"Shaded","section":"Shading Mode"},"sceneLighting":false,"audioPlay":false,"sceneViewState":{"m_AlwaysRefresh":false,"showFog":false,"showSkybox":false,"showFlares":false,"showImageEffects":false,"showParticleSystems":false,"showVisualEffectGraphs":true,"m_FxEnabled":true},"in2DMode":false,"pivot":{"x":-1.9378020763397217,"y":0.5481111407279968,"z":0.014393657445907593},"rotation":{"x":-0.05205049738287926,"y":0.9339621067047119,"z":-0.3213888108730316,"w":-0.14978334307670594},"size":6.393740177154541,"orthographic":true}