{"cameraMode":{"drawMode":0,"name":"Shaded","section":"Shading Mode"},"sceneLighting":false,"audioPlay":false,"sceneViewState":{"m_AlwaysRefresh":false,"showFog":false,"showSkybox":false,"showFlares":false,"showImageEffects":false,"showParticleSystems":false,"showVisualEffectGraphs":true,"m_FxEnabled":true},"in2DMode":false,"pivot":{"x":-0.012475788593292237,"y":0.3636762499809265,"z":0.00944054126739502},"rotation":{"x":0.307578980922699,"y":-0.11774749308824539,"z":0.03807670623064041,"w":0.9438333511352539},"size":3.8208794593811037,"orthographic":true}